연번,업소명,영업자성명,소재지(지번),소재지전화번호,업태명,주취급음식
1,貴信(귀할귀 믿을신) 불고기,장보경,서초동 1302 - 38 1층 101호,02-532-0755,한식,불고기
2,서초동연가,모성배,서초동 1302 - 38 1층 103호,02-544-6235,한식,우거지국밥
3,인근주민 강남본점,이철우,"서초동 1302 - 38 2층,3층 ",02-591-2087,한식,파스타
4,참이맛 감자탕,김옥영 외 1명,서초동 1302 - 44 ,02-3481-3399,한식,감자탕
5,아빠곰탕 강남점,이종혁,서초동 1302 - 2,02-3482-1224,한식,곰탕
6,행복국수 앤 돈까스,조연수,"서초동 1303 - 10 1층 112호, 113호 ",02-534-5572,한식,설렁탕
7,서가앤쿡(주)나인오키드,이진한,서초동 1307 - 4  ,02-3482-0959,경양식,스테이크
8,강남본점,신철호,"서초동 1308 ,1호 201,203,204호 ",02-536-4133,한식,칼국수
9,제주흑다돈 강남직영점,강정호,"서초동 1308 - 15 1,2층 ",02-3482-2090,한식,삼겹살
10,에머이 강남대로점,김미정,"서초동 1308 - 16 102,103,105,107,108,109호",02-534-7174,외국식,쌀국수
11,장꼬방,김현수,서초동 1316 1층 ,02-597-5511,한식,단팥죽
12,주식회사 맛있는이야기 노랑저고리,이승철,서초동 1316 - 29 타임빌딩 601호 ,02-534-5300,한식,노랑정식
13,피제리아하이웨이트립,최영구,서초동 1316 - 30,02-535-8128,경양식,피자
14,㈜이춘복스시강남,이춘복,서초동 1317 1층 2층,02-591-4558,일식,스시
15,메콩타이 강남역점,이현지,서초동 1317 - 13 2층,02-532-2174,외국식,쌀국수
16,레터스(LETTUCE),정재영,서초동 1317 - 20 아라타워 201-1~214-1 일부,02-554-7220,일식,샤브샤브
17,연타발,황숙희,서초동 1317 - 20,02-536-9282,한식,등심
18,강가,이덕형외1,서초동 1320 - 10 삼성전자사옥 지하1층층 ,02-2055-3610,기타,인도요리
19,소만옥,이정주,서초동 1320 - 10 지하1층 ,02-587-9005,한식,갈비탕
20,서초사리원,나성윤,서초동 1321 - 7  ,02-3474-5005,한식,불고기
21,정도전,김영균,서초동 1327 - 13 B101호 일부,02-584-8221,한식,한우가마솥국밥
22,서동한우 강남점,백경희,서초동 1327 - 29 2층,02-3474-9297,한식,한우구이
23,모랑 강남점,김지완,서초동 1328 - 11 대우도씨에빛2 212호,02-521-3980,한식,해물돌솥밥
24,해담채서초본점,김지혜,서초동 1329 - 4 우남빌딩 지하1층,02-597-4997,한식,해산물한정식
25,봉피양,김영환,서초동 1330 1층 103호,02-587-7018,한식,냉면
26,더하누,유준희,"서초동 1330 - 4 아루누보씨티2 101,102,109,111,112,113,114호",02-584-9392,한식,등심
27,됐소 강남,정영석,"서초동 1330 - 15, 2층",02-586-8588,한식,등심(안심)
28,두껍삼 강남직영점,이선종,"서초동 1330 - 16, 1층",02-585-3592,한식,숙성삼겹살
29,초선과여포,이종국,서초동 1330 - 16 201호 ,02-525-9890,중국식,깐쇼새우
30,삼성각,하동욱,서초동 1330 - 18 2층 ,02-598-7779,중국식,전가복
31,조선횟집 서초점,이범택,서초동 1331 - 2 2층,02-587-8865,일식,제철회코스요리
32,백제원서초점,이범택,서초동 1331 - 2 2층(일부),02-587-4433,한식,한우모듬구이
33,온끼,이기영,서초동 1337 101호,02-583-7709,한식,미역국정찬
34,진상샤브샤브,홍인국,서초동 1337 - 3 강남역 푸르지오시티 지하1층 ,02-581-0092,한식,샤브샤브
35,(주)미가미,김상균,서초동 1337 - 32 지하1층 ,02-522-6522,일식,한식
36,삼호복집,장명화,서초동 1338 - 10  ,02-3474-3533,한식,복지리
37,만다린,CUI XIANSHU,서초동 1338 - 10 3층전체 ,02-588-2338,중국식,"해물짬뽕, 찹쌀탕수육"
38,참설농탕,조영대,서초동 1340 1층 ,02-3471-5550,한식,설렁탕
39,남강메기 서초직영점,정현자,서초동 1340 - 2,02-598-6800,한식,메기매운탕
40,듬북담북(뱅뱅점),엄태영,서초동 1340 - 3 (1층) ,02-525-8689,한식,북어국
41,서초버드나무집,이범만,서초동 1340 - 5  ,02-3473-8355,한식,갈비탕
42,육갑식당,김은경,서초동 1340 - 14,02-588-8292,한식,육갑꽃살
43,한국수,김인숙,서초동 1341 - 7 1층,02-568-5972,한식,팔도면요리
44,춘향골 추어탕,이범철,서초동 1342  -7,02-2472-0050,한식,추어탕
45,오곡채(시골보쌈&오곡곤드레),김혜경,서초동 1343 - 7,02-588-2232,한식,보쌈
46,(주)명선헌,최인순,"서초동 1344 - 12 지상1층,지하1층 ",02-587-2942,한식,한정식
47,동해상사(주),전강식,"서초동 1357 - 33 지하1층,1층 ",02-3472-5838,일식,일식
48,한촌설렁탕,박지은,서초동 1359 - 13 (지상1층),02-525-0225,한식,설렁탕
49,황금빛 마을,황순덕,"서초동 1359 - 22, 1층",02-521-4040,한식,한식요리
50,서초복집,노현숙,서초동 1363 - 4 양재빌딩 2층 ,02-581-2362,한식,복지리
51,자인뭉티기,노정아,서초동 1363 - 7 1층,02-597-2158,한식,한우등심
52,청정횟집,이복임,서초동 1363 - 25 B101호,02-581-5886,일식,활어회
53,순남시래기,최효성,서초동 1363 - 25 지하1층 103-1호,02-582-5044,한식,시래기국
54,신가예촌,이유경,서초동 1364 - 3  ,02-3473-8760,한식,"전골,갈비살"
55,예촌,신봉석,"서초동 1364 - 5 (1,2층) ",02-525-0987,한식,한정식
56,진주청국장,박홍전,서초동 1365 - 22  ,02-525-6919,한식,청국장
57,수미관,서준형,서초동 1427 - 5 1층,02-3444-5434,한식,곰탕
58,부일갈비,김종구,서초동 1427 - 6 101호,02-3482-3112,한식,갈비탕
59,장강,권중백,서초동 1431 - 14  ,02-598-9662,중국식,"자장면, 짬뽕 등"
60,완산골명가 남부터미널점,김은주,서초동 1441 - 1 (지상1층) ,02-525-0049,한식,국밥
61,신선설농탕,오청,서초동 1443 - 8 1층 ,02-3473-1155,한식,설렁탕
62,팜스팜스,최미옥,서초동 1445 - 13 서초쌍용플래티넘상가 지하1층 B101∼B108호 ,02-3474-0041,뷔페식,뷔페
63,선궁,허익회,서초동 1451 - 34  ,02-597-1397,중국식,중국요리
64,서초갈비,설원철,서초동 1451 - 77 2층 ,02-582-2988,한식,등심
65,백년 한정식,최요섭,서초동 1451 - 95 지하1층 ,02-6439-8900,한식,한정식
66,소들녘 서초점,전은정,"서초동 1485 - 5, 1,2층",02-583-0505,한식,소불고기
67,da Pitta(다 피타),강희영,"서초동 1487 - 3, 1층",02-523-5147,양식,"파스타,피자"
68,영변,차석재,"서초동 1503 - 13, 2,3층",02-583-3455,일식,회정식
69,신박사 콩사랑,신동안,서초동 1503 - 15 1층,02-588-8862,한식,"순두부,콩국수"
70,다피타(da pitta),노은영,서초동 1503-16,02-523-1547,양식,"파스타,피자"
71,서초정육식당,이경득,서초동 1503 - 19  ,02-588-0290,한식,등심
72,수원본갈비1993,김동희 ,서초동 1511 - 12  ,02-521-1727,한식,감자탕
73,리스토란떼 일 디토 서초,이지훈,서초동 1516 - 2 ㈜삼성출판사 사옥,02-3471-7021,양식,"스테이크,파스타"
74,진도울돌목가는길,박안나,서초동 1540 - 1,02-521-6032,한식,한정식
75,미유끼,김광옥,서초동 1540 - 11 보광빌딩 지하1층 ,02-532-3399,일식,광어회
76,조랭이 부대찌개,황현민,서초동 1542 - 11  ,02-583-2776,한식,부대찌개
77,미각,김춘희,서초동 1543 - 1  ,02-585-9095,한식,생등심
78,포메인서초점,김근자,서초동 1543 - 8,02-521-0722,한식,쌀국수
79,부산아지매국밥 서초역점,강현숙,"서초동 1544 - 2, 1층 ",02-582-9882,한식,전복회정식
80,서초 불쭈꾸미,김수선,서초동 1552 - 6 지상1층 ,02-3486-9994,한식,설렁탕
81,리향,유영대,서초동 1552 - 7,02-525-3580,중식,중화요리
82,가조고향마을,오성석,서초동 1552 - 16 1층 ,02-584-0199,한식,등심
83,초원복집,최성례,서초동 1552 - 18 1층 ,02-598-3654,한식,복요리
84,향나무집,배인순,서초동 1553 - 14 지상1층 ,02-597-5554,한식,"낙지,홍어찜"
85,서귀포 오분작 뚝배기,정미자,"서초동 1555 - 2 1,2층 ",02-523-9898,한식,"해물찜, 해물돌솥밥"
86,서초면옥,최홍용,서초동 1557 - 7 (지상1층 가호),02-522-1422,한식,"냉면,갈비찜"
87,우리바다생태찌개,허영윤,서초동 1564 - 12 1층 ,02-582-0128,한식,생태찌개
88,하남돼지집 교대점,권선단,서초동 1567 - 8 1층 ,02-3473-9282,한식,고기류
89,나나마구로,강정민,"서초동 1571 - 6 1층, 2층 ",02-582-5674,일식,참치회
90,옛날전통육개장 전문점 육대장 한방보쌈·전골,이진수,서초동 1571 - 17 1층,02-6959-7889,한식,육개장
91,원당,서영보,서초동 1571 - 26  ,02-583-3333,한식,감자탕
92,서초 장어타운,황지윤,"서초동 1571 - 30 3층,4층 ",02-521-6934,한식,장어
93,모악정,김경자,서초동 1572 - 18 지하1층,02-584-1132,한식,해물삼합
94,봉추찜닭,김익환,서초동 1574 - 6  101호,02-584-6981,한식,찜닭
95,리밍,전성정,서초동 1576 - 1  ,02-521-1392,중국식,자장면
96,한우플러스,권오덕,서초동 1576 - 9 지산빌딩 2층,02-522-6457,한식,등심
97,크래버 대게나라,김소영,서초동 1582 - 16 1층 ,02-525-9779,한식,대게요리
98,서초동 그집,박영신,서초동 1584 - 7 지상1층,02-583-5658,한식,"문어장비빔밥,한정식"
99,삼대나주곰탕,김열,"서초동 1585 - 18 101,102,103,104",02-583-3433,한식,곰탕
100,서초아구찜,장동학,서초동 1588 - 8  ,02-522-3673,한식,아구찜
101,국수명가,유금순,서초동 1588 - 13  ,02-3473-0045,분식,국수
102,든든한우家,이희춘,"서초동 1591 - 11 2,3층 ",02-586-4000,한식,등심
103,함평한우 정육식당,김경미,서초동 1595 - 6  ,02-582-2828,한식,등심
104,홍천한우,이희춘,"서초동 1595 - 8 2층일부,3층일부 ",02-586-0513,한식,등심
105,동수원갈비,김숙희,"서초동 1601 - 1 샤르망 지하1층 B01호~B04호, B05호일부 ",02-588-7060,한식,왕갈비
106,우작설렁탕,권도훈,서초동 1621 - 5  ,02-584-8544,한식,설렁탕
107,애향,김경수,서초동 1676 - 4  1층,02-583-8182,일식,남도계절음식
108,주식회사 서석대,안재홍,서초동 1678 - 1 서초동동아빌라트 1타운 1층 101호일부 ,02-584-0990,한식,한식
109,(주)용수산에프앤씨,이성주,서초동 1685 - 3 아크로비스타 지하1층 에이-112호,02-591-9674,한식,한정식
110,늘봄웰봄,윤광석,"서초동 1685 - 3 아크로비스타지하1층지하A-105,A-106,A-107호 ",02-588-8804,한식,등심
111,미타니야 교대역점,이영덕,"서초동 1685 - 8, G5센트럴프라자 1층 128~130호",02-535-6001,일식,"우동,돈까스"
112,서초보쌈,최영옥,서초동 1689 - 6  ,02-537-6201,한식,보쌈
113,태평양,정희동,"서초동 1691 - 1 지하1층, 지상2층 ",02-599-8564,일식,모듬회
114,교대강릉집,안희수,서초동 1692 - 3 지 1층 ,02-532-8001,식품등 수입판매업,회무침
115,신태평양,천원기,서초동 1692 - 4 지하1층 가호,02-534-0354,일식,모듬회
116,설국,강동진,서초동 1694 - 22 (1층) ,02-3476-8877,일식,회정식
117,엉터리생고기 교대역점,이상배,서초동 1696 - 13 애니빌딩1층 ,02-596-8009,한식,삼겹살
118,빛고을으뜸추어탕,송재민,"서초동 1697 - 15, 1층",02-537-0156,한식,추어탕
119,만경생태,정성면,서초동 1697 - 16 1층,02-3482-3661,한식,동태탕
120,송학횟집,김미선,서초동 1699 - 2,02-595-8822,일식,회
121,기와집순두부,안광윤,서초동 1699 - 13  ,02-599-0579,한식,순두부
122,한우명가 노고단,이미옥,서초동 1704 - 1 정곡빌딩 동관 지하15호 ,02-973-9792,한식,불고기
123,황궁,전용우,서초동 1705 정곡빌딩서관 지하1층 ,02-599-8078,중국식,중국요리
124,남도미락,한선희,서초동 1706 - 12 승소빌딩 지하1층 ,02-593-1100,한식,청국장
125,대나무골,전용석,서초동 1709 - 4  ,02-533-8410,한식,한정식
126,램하우스 서초법원점,박종근,"서초동 1713 - 4 ,5,6 (202호) ",02-3476-0678,한식,양갈비
127,우밀면옥 교대점,김현경,서초동 1713 - 4,02-596-3770,한식,평양냉면
128,장원한정식,정애숙,서초동 1714 - 16  ,02-593-8466,한식,한정식
129,이남장(서초점),이승호,"서초동 1715 - 1 지상1,2,3층 ",02-592-0268,한식,설렁탕
130,서초원,고인혜,서초동 1715 - 10  ,02-596-0929,한식,한정식
131,전주가,최석종,서초동 1717 - 4 지하1층 103호,02-594-5588,한식,한정식
132,북해도,박미향,서초동 1717 - 6 지하1층 ,02-532-0934,일식,회정식
133,오발탄,이헌룡,"서초동 1720 - 1 1,2,3층 ",02-591-6657,한식,양대창구이
134,오선채,강승현,"양재동 1 - 23 , 지하1층",02-578-9411,한식,한정식
135,일품헌,XU YUANJI,"양재동 1 - 28, 성원빌딩 가동 1층,2층",02-574-7117,한식,샤브샤브
136,별난,윤영숙,"양재동 5 - 25, 1층,2층",02-571-2224,일식,활어
137,갈비사랑,이하수,"양재동 14 - 3 지층,지상2,3,4,5층 ",02-3463-6800,한식,돼지갈비
138,백마 김씨네,이하수,양재동 14 - 14 2층,02-3463-9255,한식,소고기 국밥
139,청정해참치,김상만,양재동 23 환승주차장 201호,02-577-4419,일식,참치회
140,동신참치양재직영점,신동욱,양재동 24 (지하 1층),02-529-7130,일식,참치회
141,디오디아,이강인,양재동 24 스포타임 5층,02-526-8700,뷔페식,뷔페
142,구이마마,문광수,양재동 114 1층 ,02-575-7449,한식,생삼겹
143,The Park(뷔페식당),강준식,양재동 202번지 외 3필지 더케이서울호텔 2층 ,02-526-9434,뷔페식,뷔페
144,화돌농장,전수남,양재동 204 1층 ,02-575-1858,한식,오리로스
145,(주)배나무골,장현성,양재동 241 - 3  ,02-571-5252,한식,오리
146,어진,조영정,양재동 242 -4,02-2058-2933,한식,해물탕
147,행복밥상,윤남교,양재동 267 - 2 지하1층,02-536-8825,한식,비빔밥
148,평가옥,박민,"양재동 277 - 2 1층,2층 ",02-3462-1577,한식,평양냉면
149,초원정육식당,강영희,"양재동 288 - 1 1,2층",02-573-5598,한식,등심
150,해늘찹쌀순대,장훈,"양재동 289 - 8 ,2층 ",02-573-1733,한식,찹쌀순대
151,한촌설렁탕,김준호,양재동 289 - 9  ,02-574-6767,한식,설렁탕
152,사랑채,양경비,양재동 320 - 4,02-572-0352,한식,한정식
153,약초마을,함순이,양재동 353 - 5 1층 ,02-577-5551,한식,삼계탕
154,소호정,임동열,"양재동 392 - 11 (1, 2층)",02-579-7282,한식,국수
155,황태마을,주윤자,우면동 13-9,02-573-8926,한식,황태구이
156,정여사 손칼국수,정정례,우면동 64 - 2  201호,02-544-2000,분식,칼국수
157,여의도생고기,장시훈,내곡동 1 - 273 (지상1층),02-6339-7299,한식,생고기
158,피노,오영옥,내곡동 1 - 2299 1층,02-445-0417,한식,연잎밥
159,맷돌로만청계산점,이재훈,신원동 192 - 12  ,02-574-9691,한식,순두부찌개
160,곤드레집,정임서,"신원동 195 - 16 1층, 2층",02-574-4542,한식,곤드레나물밥
161,영주축협 한우프라자 청계산역점,서병국,신원동 270-10,02-579-9292,한식,한우생등심
162,서울만남의광장휴게소 한식당,최윤택,원지동 10 - 16 서울만남의광장휴게소 한식당 ,02-578-3372,한식,"국밥, 찌개"
163,목우촌마을 청계산점,박기현,원지동 375 1층,02-573-0143,한식,삼겹살
164,국시 명가,이은숙,원지동 377 - 4 (1층),02-571-1474,한식,국수
165,조선면옥,김기흥,원지동 379 - 4 2층,02-2057-5526,한식,냉면
166,유라,김정희,원지동 412 - 2 1층,02-574-2101,한식,굴비정식
167,들밥나들이,김도희,원지동 414 - 10 (1층),02-574-9949,한식,한정식
168,동지섣달 꽃본듯이,유미숙,원지동 419 지상 2층,02-571-9334,한식,돌솥밥
169,소담채,서동준,"원지동 419 - 1 지하1층, 1층, 2층",02-3462-8592,한식,쌈밥
170,삼소락,신명아,방배동 444 - 2 1층,02-585-9288,한식,제주삼겹살
171,바르미샤브샤브앤칼국수,이수영,방배동 444 - 3 2층 202-2호,02-597-1155,뷔페식,샤브샤브
172,도쿄하나 사당점,이범택,"방배동 444 - 3, 3층",02-585-2020,일식,생선회
173,연안식당 사당점,이범택,방배동 445 - 1 2층,02-588-6092,한식,꼬막비빔밥
174,둥구나무 사당점,박정희,방배동 445 - 4 8층 ,02-525-0980,한식,한정식
175,사조참치(사당역점),김정숙,방배동 446 - 2 지하1층 ,02-523-6784,일식,참치회
176,돌배기집 사당역지점,백종원,방배동 446 - 2 1층,02-3482-3788,한식,차돌박이
177,장원족발,이기한,"방배동 446 - 5, 1,2층",02-586-9696,한식,"족발,보쌈"
178,참조은정육식당,김덕자,방배동 448 - 21  ,02-521-2727,한식,생고기
179,성민양꼬치,최용진,방배동 449 - 4 1층 ,02-583-8856,기타,양고기
180,시골보쌈&감자옹심이,김순금,방배동 449 - 5 (1층) ,02-3473-7358,한식,보쌈
181,통영해물보쌈,김동규,"방배동 449 - 8 지하1층, 1층",02-585-4378,한식,해물보쌈
182,포항죽도 어시장,황영희,"방배동 450 - 5 1층,2층 ",02-586-5246,한식,"생선회, 메운탕"
183,바다소식,임종한,방배동 450 - 8 지층 ,02-522-0730,한식,족발
184,왕배화로,김왕배,방배동 450 - 10,02-588-8736,한식,등심
185,삼육가 사당역1호점,서재학,방배동 450 - 16,02-588-1043,한식,"묵은지갈비찜,보쌈"
186,여진족,박선희,"방배동 451 - 5, 1층, 지하1층",02-3473-3479,한식,족발
187,원당감자탕,이학승,"방배동 451 - 8, 2층,3층",02-584-8480,한식,감자탕
188,신의주찹쌀순대&숯불갈비,임규현,"방배동 453 - 23, 1층",02-525-0041,한식,"순대국,돼지갈비"
189,한촌설렁탕 사당역점,최윤석,방배동 453 - 24 1층,02-522-1011,한식,설렁탕
190,물조은선주회집,김인규,"방배동 453 - 29 (1,2층) ",02-521-7620,회집,생선회
191,방배 육감,이재혁,"방배동 475 - 29 지상1층,2층 ",02-584-8008,한식,생고기
192,하우스(HOUSE),이호정,방배동 477 - 10 (1층),02-525-9296,경양식,스테이크
193,우면산,차재성,방배동 478 - 5 1층 ,02-521-4064,한식,삼겹살
194,루안,곽태훈,방배동 751 - 1 지하1층 ,02-536-0009,중국식,중식
195,남강메기 반포방배점,정현자,방배동 751 - 3 1층,02-532-7764,한식,메기 매운탕
196,댓짱돈까스,윤성순,"방배동 755 - 14 1층, 101호,102호,106호",02-534-7009,경양식,돈까스
197,횡성용이네 정육,전장용,방배동 760 - 2 후생시설 2동 1층 318호,02-591-5575,한식,"갈비살,살치살"
198,김대감봉평메밀촌,김유정,방배동 761 - 2 2층,02-3477-0270,한식,막국수
199,임금님밥상,임정윤,"방배동 762 - 16, A동 1층",02-535-5338,한식,매운탕
200,방배동숯불갈비,송원우,방배동 763 - 32 101호,02-3482-1527,한식,돼지갈비
201,조가네 갑오징어 방배카페거리점,신동훈,방배동 768 - 13  ,02-536-4842,한식,갑오징어볶음
202,육갑식당,민보람,"방배동 777 - 5, 지하1층 지상1층",02-596-9292,한식,등심
203,미방,이현주,방배동 777 - 20,02-533-3660,한식,숯불구이
204,장수원,나오미,"방배동 778 - 27, 지하1층,1층,2층",02-532-2225,한식,불고기
205,천리향,정화엽,"방배동 795 - 24  지층, 1층",02-534-8385,중식,삼선짬뽕
206,델리세,장현숙,방배동 807-9,02-534-3142,양식,파스타
207,유다까 회전초밥전문점,이진규,방배동 813 - 6 1층 ,02-537-7714,일식,초밥
208,KOREAN TABLE(코리안 테이블),박현진,방배동 813 - 8 1층 ,02-536-8666,한식,콩나물국밥
209,참숯애 서래갈비,김성하,방배동 818 - 13  ,02-537-0086,한식,갈비
210,소율칼국수,김말녀,방배동 836 - 1 1층 상가8호,02-595-6699,한식,바지락칼국수
211,은선 설렁탕,서금화,"방배동 836 - 12, 1층",02-535-8583,한식,설렁탕
212,서래면옥,박성완,방배동 837 - 14  ,02-599-0366,분식,바지락칼국수
213,묘오또,김민수,방배동 850 - 1 1층 ,02-536-5980,한식,"돈가스, 우동"
214,제주어항 1950,유영희,방배동 851 - 2 지상 1층 ,02-3482-8400,한식,순대국
215,송이하랑,송성재,"방배동 866 - 6 지상1층,2층 ",02-599-4499,한식,삼겹살
216,방배명가,이연숙,방배동 873 - 20 1층,02-533-2488,한식,해장국
217,㈜ 이지에프엔씨,이영선,방배동 874-8,02-595-1511,한식,설렁탕
218,만다린,이봉환,방배동 875 - 15 1층 ,02-596-6767,분식,짬뽕
219,양모리 양대창,이방분,방배동 851 - 6 107호,02-532-8125,한식,"양깃머리,양,대창"
220,서리풀 명가,박정숙,방배동 876 - 9,02-535-3692,한식,"곰탕,설렁탕"
221,마초셰프,정영찬,방배동 876 - 19 1층,02-6465-4242,양식,파스타
222,명동보리밥 방배점,박경순,방배동 898 - 3 지상2층 201호 ,02-3471-3392,한식,보리밥정식
223,우리밀 칼국수,조화자,방배동 908 - 13 지하 1층,02-588-5895,한식,칼국수
224,CASA BRASIL GRILL(까사 브라질 그릴),Pasqueti Valdecir,방배동 909 - 4 5층,02-598-5066,경양식,슈하스코 코스(브라질정통바베큐)
225,엉터리생고기 무한삼겹 방배역점,김도경,방배동 909 - 11 2층,02-588-7113,한식,삼겹살
226,지현,오세인,방배동 910 - 4 (지상1층) ,02-3473-6292,한식,샤브샤브
227,북경,소인학,방배동 911 - 22 1층 2호,02-521-9270,중식,"짬뽕,탕수육"
228,더구어,고석갑,방배동 924 - 5 (지상1층) ,02-3474-9293,한식,삼겹살
229,방배순대국,한승희,방배동 924 - 9 1층,02-598-9587,한식,순대국
230,순남시래기,최은정,방배동 925 - 6 1층,02-582-2326,한식,시래기국
231,정담남원추어탕,류명미,방배동 926 - 27 1층,02-583-7588,한식,추어탕
232,미나토,이길열,방배동 935 - 2 1층,02-525-5841,일식,숙성 생선회
233,풍천장어마을,서영곤,방배동 951 - 18  ,02-521-1256,한식,장어탕
234,효소원 순두부와 청국장 그리고 전,오경옥,방배동 983 - 8 1층 ,02-3471-3355,한식,청국장
235,ELBA KITCHEN(엘바 키친),신원각,방배동 985 - 2 1층 ,02-585-9559,경양식,"스테이크, 파스타"
236,민어사랑,박호자,방배동 1001 - 9 1층 ,02-588-2714,한식,민어탕
237,송강,차경숙,방배동 1002 - 1 1층 ,02-521-2502,한식,"복어, 장어요리"
238,만다린,정자용,방배동 1020 - 2 대영빌딩1층 101호 ,02-581-3366,중국식,중국요리
239,정으로그리는밥상,박은석,방배동 1021 - 14 파크애비뉴빌딩 ,02-597-0027,한식,한정식
240,방배골식당,송금자,방배동 1022 - 2 (지상2층) ,02-588-5197,한식,한식
241,임광루,권순분,"방배동 1024 - 4 1층 9호, 1층 10호 ",02-583-2460,중국식,짜장면
242,댓짱 돈까스,장연조,방배동 1031 - 1  ,02-584-7348,경양식,돈까스
243,방배본가면옥,송양숙,방배동 1031 - 2 방배홈스텔 1층 102호,02-587-5799,한식,냉면
244,더프리마베라 웨딩,정재일,"방배동 1823, 지하1층",02-3476-2006,뷔페,뷔페
245,방배골,석강하,방배동 2096  ,02-595-2116,한식,등심
246,오동도 산아나고 숯불구이,박인수,방배동 3001-1,02-532-9679,한식,아나고숯불구이
247,김영희 강남동태찜 이수점,박상형,"방배동 3001 - 2 B117~119,B122~126호",02-533-6890,한식,"동태찜,해물찜"
248,토다이 반포점,김한스형민,반포동 19-1,02-588-3624,뷔페,뷔페
249,수라빔,오행일,반포동 19 - 3 1층중층 M8호 센트럴시티,02-6282-3355,한식,"비빔밥,해물순두부"
250,경복궁 서초점,김미애,"반포동 44 - 4 ~6호 3, 4층",02-377-7758,한식,한정식
251,하남돼지집 반포점,김범일,반포동 55 - 7 1층,02-537-6282,한식,돼지고기
252,무교동유정낙지반포점,이현숙,반포동 57 - 3  ,02-599-0088,한식,낙지볶음
253,놀부보쌈과 부대찌개,최윤식,반포동 58 - 7 2층(201~203) ,02-535-4747,한식,보쌈 및 족발류
254,다봉,신석우,반포동 63 - 1,02-2186-6888,일식,회초밥
255,h' Garden(에이치가든),박홍진,반포동 63 - 1 팔래스호텔 1층,02-2186-6885,뷔페식,뷔페
256,남도미락,김시윤,"반포동 65 - 1 외 2필지 101~106호,109~110호",02-595-2589,한식,연포탕
257,레드브릭(Redbrick),고우현,반포동 72 - 8 1층 ,02-591-7878,경양식,피자
258,서래말 면옥집,최선희,반포동 72 - 10 1층~2층,02-596-3450,한식,함흥냉면
259,하노이의아침,최윤영,반포동 90 - 1 가나빌딩 5층 ,02-599-5320,경양식,베트남쌀국수
260,하루,김덕규,반포동 90 - 4 (2층) ,02-594-5789,한식,고기
261,화담,박소영,반포동 92 - 6 2층,02-533-4443,일식,차돌박이숙주볶음
262,서래본가,서심순,"반포동 93 - 1 1층,2층,3층 ",02-3477-9192,한식,갈비탕
263,육갑식당,장호철,반포동 93-2,02-533-9282,한식,와규 생등심
264,전주행,이인건,반포동 95 - 5,02-599-8119,한식,전주비빔밥
265,포폴라리타,임영자,반포동 96 - 1  ,02-593-2340,경양식,스파게티
266,서래횟집,공맹자,반포동 104 - 2 1층,02-532-1573,일식,회초밥
267,황제,석가연,반포동 105 - 1 (지상2층) ,02-536-8820,중국식,중국요리
268,㈜톰볼라,김주환,반포동 106 - 8 1층 101호,02-593-4660,양식,스테이크
269,주미요,HAN LI,"반포동 107 - 9 1층, 위너스빌",02-599-1988,중식,북경오리
270,한국회관,김경희,"반포동 107 - 45 가동 1층,2층 ",02-595-3355,한식,"한우,탕"
271,올반 센트럴시티점,최성재,반포동 118 - 3번지 외 7필지 센트럴시티 파미에스테이션 1층 FP103호,02-591-2213,한식,뷔페
272,주식회사 에프아이씨,이경진,반포동 649 새빛둥둥섬 제1섬 3층,02-537-2440,경양식,"피자,파스타"
273,어랑 생선밥상,한석동,반포동 736,02-516-3690,한식,생선구이
274,평가옥(반포점),이창건,반포동 746 - 5 서일빌딩 1층 (103-107호) ,02-3444-8030,한식,냉면
275,이춘복참치 신논현,이춘복,"반포동 748-12 지하1층, 지상1층",02-542-4558,일식,회코스
276,식도원,신정숙,"반포동 817 상가E블럭 32-1,33호 ",02-599-3825,일식,정통일식
277,맷돌로만,박창훈,"반포동 1053 - 5,6호, 1층",02-535-1233,한식,순두부
278,더가든 키친,안필호,잠원동 6 - 1호 더리버사이드호텔 1층(지하 1층) 1동 ,02-6710-1133,뷔페식,뷔페
279,영동설농탕,김용호,잠원동 10 - 53  ,02-543-4716,한식,설렁탕
280,노독일처,남숙자,"잠원동 15 - 10 라성빌딩 1층, 2층 ",02-517-4552,중국식,자장면
281,내고향본가,박말녀,"잠원동 17 - 1 2,3,4,5 ",02-540-6331,한식,남도요리
282,강남 따로국밥,백윤성,잠원동 19 - 10 외2필지 (1동 2층) ,02-543-2527,한식,국밥
283,이모 전주콩나물 국밥,고영자,잠원동 21-1 2층,02-547-7908,한식,콩나물국밥
284,삼호복집,서미경,잠원동 22 - 17  ,02-542-7296,한식,복매운탕
285,마구로센,임순택,잠원동 22 - 5 지상1층 ,02-517-5110,일식,회정식
286,진대감,김희석,잠원동 23 - 8 수인빌딩 지상1층 ,02-543-8858,한식,차돌삼합
287,동천홍,전단비,잠원동 25 - 25 (1층) ,02-549-5922,중식,짜장
288,공리,김태림,"잠원동 26 - 9 1층, 2층",02-544-3239,중식,탕수육
289,(주)프로간장게장,김종윤,"잠원동 27 - 1 (지상1층,2층)",02-543-4126,한식,간장게장
290,의정부 평양면옥,박찬석,"잠원동 29 - 23 1,2,3,4층 ",02-547-6947,한식,냉면
291,진동둔횟집,박외숙,"잠원동 36 - 18 지하1층,1층,2층 ",02-543-3849,일식,대구탕
292,봉평고향메밀촌,박정규,잠원동 39 - 1  ,02-511-7888,한식,막국수
293,세븐스프링스(잠원점),서정배,잠원동 65 - 32 1층 101호,02-532-7079,뷔페식,뷔페
294,JS가든(잠원점),정영태,잠원동 66 - 2,02-595-1221,중식,해삼전복볶음
295,반포면옥,소순경,"잠원동 70 , 5호 ",02-591-4281,한식,냉면
